"geo";"nom_pais";"vweb_vd20"
"AR";"Argentina";73
"BB";"Barbados";0
"BO";"Bolivia";64
"BR";"Brasil";100
"BS";"Bahamas";0
"BZ";"Belice";0
"CL";"Chile";72
"CO";"Colombia";61
"CR";"Costa Rica";76
"DO";"República Dominicana";68
"EC";"Ecuador";67
"GT";"Guatemala";71
"HN";"Honduras";73
"JM";"Jamaica";17
"MX";"México";89
"NI";"Nicaragua";21
"PA";"Panamá";54
"PE";"Perú";96
"PY";"Paraguay";55
"SV";"El Salvador";51
"TT";"Trinidad y Tobago";23
"UY";"Uruguay";63
"VE";"Venezuela";81
